{
    "mean": [
        500194.3942141921,
        1.0377215364457624,
        57.10245510251603,
        135.39947245017586,
        1.3776168721164057,
        0.2527564811706607,
        0.024653472174332804
    ],
    "scale": [
        288083.3395780811,
        0.19569998521310808,
        28.51738810249301,
        79.30303457022535,
        9.637154773592762,
        1.842212834702939,
        0.15506669044021734
    ]
}
