{
    "intercept": 6.073489890126887,
    "coefficients": [
        -0.024346452395535303,
        0.22016043046014927,
        -0.14339658499714342,
        0.029723498362756375,
        43.4334113590302,
        -4.687161034146556,
        3.19547619351289
    ]
}