{
    "intercept": 6.073489890126887,
    "coefficients": [
        -0.02435591382786013,
        0.22016187328274592,
        -0.1433866537820731,
        0.029720735025879064,
        43.43711151211406,
        -4.687861174278799,
        3.192808572457588
    ]
}